{
  "accY" : [
    -0.01089478,
    -0.01028442,
    -0.01777649,
    -0.01702881,
    -0.02008057,
    0.005004883,
    0.01480103,
    0.01586914,
    -0.003112793,
    -0.001876831,
    -0.002639771,
    -0.0009002686,
    -0.01063538,
    -0.01672363,
    -0.01156616,
    -0.008331299,
    0.0003814697,
    0.001754761,
    0.001419067,
    -0.003921509,
    0.004760742,
    0.003814697,
    0.001754761,
    -0.008880615,
    -0.0133667,
    -0.008804321,
    -0.007247925,
    -0.006835938,
    -0.007461548,
    -0.001327515,
    0.0001068115,
    0.003982544,
    0.0004577637,
    -0.001205444,
    -0.003051758,
    -0.004196167,
    -0.003387451,
    -0.007736206,
    -0.01042175,
    -0.01123047,
    -0.006256104,
    -0.006790161,
    -0.006958008,
    -0.0004425049,
    0.006271362,
    0.007400513,
    0.004013062,
    0.001480103,
    -0.002700806,
    -0.009292603,
    -0.0124054,
    -0.01585388,
    -0.01121521,
    -0.00541687,
    -0.003036499,
    0,
    0.001434326,
    0.0005340576,
    0.0009460449,
    -0.0005493164,
    -0.004241943,
    -0.005661011,
    -0.006668091,
    -0.002929688,
    -0.004501343,
    -0.007263184,
    -0.001296997,
    -0.006027222,
    0.007125854,
    -0.001220703,
    0.003173828,
    -0.002197266,
    -0.008148193,
    -0.005584717,
    -0.007858276,
    -0.001861572,
    -0.00994873,
    -0.001419067,
    -0.005844116,
    -0.000793457,
    -0.002822876,
    -0.003372192,
    -0.0007629395,
    -0.007171631,
    -0.001876831,
    -0.002929688,
    -0.001281738,
    -0.008850098,
    -0.005844116
  ],
  "rotZ" : [
    -0.008253402,
    -0.00944277,
    -0.009474196,
    -0.01453287,
    -0.012054,
    -0.009246762,
    -0.009444368,
    -0.01442049,
    -0.005692507,
    -0.01313072,
    -0.01192324,
    -0.007028881,
    -0.00828536,
    -0.009459282,
    -0.01066649,
    -0.008187356,
    -0.009542107,
    -0.01070085,
    -0.006948187,
    -0.005774532,
    -0.008318916,
    -0.009476593,
    -0.01193895,
    -0.01071549,
    -0.009508284,
    -0.009475794,
    -0.008220113,
    -0.006997456,
    -0.009395099,
    -0.009428123,
    -0.008270181,
    -0.008220379,
    -0.0106838,
    -0.0107653,
    -0.009459282,
    -0.01187264,
    -0.009491506,
    -0.01319516,
    -0.009459814,
    -0.0106348,
    -0.009444634,
    -0.008237956,
    -0.009395632,
    -0.01070005,
    -0.00947606,
    -0.010683,
    -0.01073147,
    -0.008236092,
    -0.009459549,
    -0.01068327,
    -0.009459814,
    -0.00946008,
    -0.009411345,
    -0.009492838,
    -0.008236624,
    -0.009443303,
    -0.009459549,
    -0.01193948,
    -0.008269115,
    -0.0106838,
    -0.01070058,
    -0.00946008,
    -0.007013435,
    -0.009542107,
    -0.009558352,
    -0.01071629,
    -0.01065105,
    -0.009493104,
    -0.009509349,
    -0.01063453,
    -0.01069952,
    -0.008269648,
    -0.008236891,
    -0.01068407,
    -0.01195653,
    -0.0106838,
    -0.01068327,
    -0.01074905,
    -0.007079215
  ],
  "rotX" : [
    0.01365882,
    0.008823586,
    0.001505219,
    0.0002764361,
    0.005126585,
    0.01865598,
    0.01612597,
    0.01493714,
    0.02098305,
    0.01373499,
    0.01127582,
    0.008773518,
    0.008774583,
    0.008815596,
    0.01005769,
    0.01369078,
    0.009992713,
    0.01612704,
    0.01733292,
    0.01850897,
    0.01119273,
    0.0124588,
    0.007616641,
    0.007599596,
    0.006357498,
    0.008807606,
    0.01245773,
    0.01609189,
    0.01736701,
    0.01735103,
    0.0148679,
    0.0136748,
    0.0137009,
    0.008792693,
    0.008815596,
    0.006431534,
    0.005148423,
    0.006400642,
    0.01124972,
    0.016159,
    0.01734304,
    0.01853507,
    0.01980114,
    0.01247584,
    0.01002467,
    0.0100497,
    0.005157478,
    0.01001562,
    0.01003266,
    0.01126677,
    0.01124972,
    0.01246679,
    0.01614195,
    0.01123375,
    0.01244975,
    0.01125771,
    0.01003266,
    0.01005077,
    0.009999637,
    0.0137009,
    0.01490997,
    0.01246679,
    0.01364977,
    0.009992713,
    0.008767659,
    0.01125079,
    0.01493394,
    0.01245081,
    0.01122576,
    0.01494193,
    0.01004172,
    0.01243377,
    0.01366681,
    0.01491796,
    0.01247691,
    0.0137009,
    0.01126677,
    0.01001775,
    0.01240074
  ],
  "accZ" : [
    -1.004944,
    -0.9987488,
    -1.017868,
    -0.9931641,
    -1.001312,
    -0.9986572,
    -1.013138,
    -1.009308,
    -0.9911499,
    -0.9994202,
    -1.003021,
    -1.006973,
    -0.9982452,
    -1.000443,
    -1.002838,
    -1.002823,
    -1.001465,
    -1.00444,
    -1.00415,
    -0.9994049,
    -1.00058,
    -1.005539,
    -1.005035,
    -0.9975891,
    -0.9986115,
    -1.002289,
    -1.00354,
    -0.9976501,
    -1.000015,
    -1.001541,
    -0.9988556,
    -0.9998932,
    -1.002136,
    -1.000305,
    -0.9959717,
    -0.9958954,
    -0.999939,
    -0.9974823,
    -0.9963989,
    -0.9953308,
    -1.002441,
    -0.9979706,
    -0.9957581,
    -0.9960022,
    -0.9999237,
    -0.9987183,
    -0.9964294,
    -0.99823,
    -1.000824,
    -0.9981384,
    -0.9971313,
    -0.9944305,
    -0.9977417,
    -0.9966583,
    -0.9964294,
    -0.9980774,
    -0.9993286,
    -0.9954071,
    -0.9966431,
    -0.9994049,
    -0.9976196,
    -0.9956055,
    -0.9952698,
    -1.000534,
    -0.9966278,
    -0.9928284,
    -0.9959869,
    -0.9972534,
    -0.9973755,
    -0.9966583,
    -0.9980774,
    -0.9978638,
    -0.9949188,
    -0.9953766,
    -0.9985352,
    -0.9999542,
    -0.9950867,
    -0.9955902,
    -0.9998474,
    -0.9985504,
    -0.9963989,
    -0.9993286,
    -1.000504,
    -0.9979095,
    -0.9963837,
    -1.000473,
    -0.9980774,
    -0.9920959,
    -0.9954681
  ],
  "accX" : [
    0.02867126,
    0.03485107,
    0.04089355,
    0.02763367,
    0.01255798,
    0.0151825,
    0.03904724,
    0.02316284,
    0.004318237,
    0.01313782,
    0.03353882,
    0.03167725,
    0.02351379,
    0.02783203,
    0.03161621,
    0.02233887,
    0.02244568,
    0.03007507,
    0.02401733,
    0.01092529,
    0.01348877,
    0.03030396,
    0.02850342,
    0.01573181,
    0.02307129,
    0.03689575,
    0.03352356,
    0.02175903,
    0.02389526,
    0.02679443,
    0.01930237,
    0.0164032,
    0.02349854,
    0.02151489,
    0.01681519,
    0.02130127,
    0.0333252,
    0.03356934,
    0.02072144,
    0.02633667,
    0.03407288,
    0.02542114,
    0.01771545,
    0.01885986,
    0.02593994,
    0.01957703,
    0.01467896,
    0.02316284,
    0.02638245,
    0.02824402,
    0.02902222,
    0.03251648,
    0.03060913,
    0.02302551,
    0.02128601,
    0.02542114,
    0.02427673,
    0.01980591,
    0.02069092,
    0.02816772,
    0.02450562,
    0.01777649,
    0.02464294,
    0.0322113,
    0.02555847,
    0.01930237,
    0.02139282,
    0.03106689,
    0.01972961,
    0.020401,
    0.02430725,
    0.02586365,
    0.01950073,
    0.0188446,
    0.03443909,
    0.03126526,
    0.02325439,
    0.01678467,
    0.03016663,
    0.02578735,
    0.01838684,
    0.02452087,
    0.02882385,
    0.02270508,
    0.01820374,
    0.03184509,
    0.02919006,
    0.01829529,
    0.01768494
  ],